<!--
/*
 * $Id: docs.xml 1497786 2013-06-28 14:13:08Z lukaszlenart $
 *
 * Licensed to the Apache Software Foundation (ASF) under one
 * or more contributor license agreements.  See the NOTICE file
 * distributed with this work for additional information
 * regarding copyright ownership.  The ASF licenses this file
 * to you under the Apache License, Version 2.0 (the
 * "License"); you may not use this file except in compliance
 * with the License.  You may obtain a copy of the License at
 *
 *  http://www.apache.org/licenses/LICENSE-2.0
 *
 * Unless required by applicable law or agreed to in writing,
 * software distributed under the License is distributed on an
 * "AS IS" BASIS, WITHOUT WARRANTIES OR CONDITIONS OF ANY
 * KIND, either express or implied.  See the License for the
 * specific language governing permissions and limitations
 * under the License.
 */
-->

<assembly>

    <id>docs</id>
    <formats>
        <format>zip</format>
    </formats>
    <fileSets>

        <!-- Include the XWork Javadoc in the assembly -->
        <fileSet>
            <directory>../xwork-core/target/apidocs</directory>
            <outputDirectory>docs/xwork-core/apidocs</outputDirectory>
        </fileSet>

        <!-- Include the website in the assembly -->
        <fileSet>
            <directory>../target/site</directory>
            <outputDirectory>docs</outputDirectory>
        </fileSet>
        <fileSet>
            <directory>../core/target/apidocs</directory>
            <outputDirectory>docs/struts2-core/apidocs</outputDirectory>
        </fileSet>

        <!-- Include the Confluence docs in the assembly -->
        <fileSet>
            <directory>target/cwiki/WW/docs</directory>
            <outputDirectory>docs</outputDirectory>
        </fileSet>

        <!-- Plugins -->
        <fileSet>
            <directory>../plugins/codebehind/target/apidocs</directory>
            <outputDirectory>docs/struts2-plugins/struts2-codebehind-plugin/apidocs</outputDirectory>
        </fileSet>
        <fileSet>
            <directory>../plugins/config-browser/target/apidocs</directory>
            <outputDirectory>docs/struts2-plugins/struts2-config-browser-plugin/apidocs</outputDirectory>
        </fileSet>
        <fileSet>
            <directory>../plugins/convention/target/apidocs</directory>
            <outputDirectory>docs/struts2-plugins/struts2-convention-plugin/apidocs</outputDirectory>
        </fileSet>
        <fileSet>
            <directory>../plugins/dwr/target/apidocs</directory>
            <outputDirectory>docs/struts2-plugins/struts2-dwr-plugin/apidocs</outputDirectory>
        </fileSet>
        <fileSet>
            <directory>../plugins/dojo/target/apidocs</directory>
            <outputDirectory>docs/struts2-plugins/struts2-dojo-plugin/apidocs</outputDirectory>
        </fileSet>
        <fileSet>
            <directory>../plugins/embeddedjsp/target/apidocs</directory>
            <outputDirectory>docs/struts2-plugins/struts2-embeddedjsp-plugin/apidocs</outputDirectory>
        </fileSet>
        <fileSet>
            <directory>../plugins/gxp/target/apidocs</directory>
            <outputDirectory>docs/struts2-plugins/struts2-gxp-plugin/apidocs</outputDirectory>
        </fileSet>
        <fileSet>
            <directory>../plugins/jasperreports/target/apidocs</directory>
            <outputDirectory>docs/struts2-plugins/struts2-jasperreports-plugin/apidocs</outputDirectory>
        </fileSet>
        <fileSet>
            <directory>../plugins/jfreechart/target/apidocs</directory>
            <outputDirectory>docs/struts2-plugins/struts2-jfreechart-plugin/apidocs</outputDirectory>
        </fileSet>
        <fileSet>
            <directory>../plugins/jsf/target/apidocs</directory>
            <outputDirectory>docs/struts2-plugins/struts2-jsf-plugin/apidocs</outputDirectory>
        </fileSet>
        <fileSet>
            <directory>../plugins/json/target/apidocs</directory>
            <outputDirectory>docs/struts2-plugins/struts2-json-plugin/apidocs</outputDirectory>
        </fileSet>
        <fileSet>
            <directory>../plugins/junit/target/apidocs</directory>
            <outputDirectory>docs/struts2-plugins/struts2-junit-plugin/apidocs</outputDirectory>
        </fileSet>
        <fileSet>
            <directory>../plugins/osgi/target/apidocs</directory>
            <outputDirectory>docs/struts2-plugins/struts2-osgi-plugin/apidocs</outputDirectory>
        </fileSet>
        <fileSet>
            <directory>../plugins/oval/target/apidocs</directory>
            <outputDirectory>docs/struts2-plugins/struts2-oval-plugin/apidocs</outputDirectory>
        </fileSet>
        <fileSet>
            <directory>../plugins/pell-multipart/target/apidocs</directory>
            <outputDirectory>docs/struts2-plugins/struts2-pell-multipart-plugin/apidocs</outputDirectory>
        </fileSet>
        <fileSet>
            <directory>../plugins/plexus/target/apidocs</directory>
            <outputDirectory>docs/struts2-plugins/struts2-plexus-plugin/apidocs</outputDirectory>
        </fileSet>
        <fileSet>
            <directory>../plugins/portlet/target/apidocs</directory>
            <outputDirectory>docs/struts2-plugins/struts2-portlet-plugin/apidocs</outputDirectory>
        </fileSet>
        <fileSet>
            <directory>../plugins/rest/target/apidocs</directory>
            <outputDirectory>docs/struts2-plugins/struts2-rest-plugin/apidocs</outputDirectory>
        </fileSet>
        <fileSet>
            <directory>../plugins/sitegraph/target/apidocs</directory>
            <outputDirectory>docs/struts2-plugins/struts2-sitegraph-plugin/apidocs</outputDirectory>
        </fileSet>
        <fileSet>
            <directory>../plugins/sitemesh/target/apidocs</directory>
            <outputDirectory>docs/struts2-plugins/struts2-sitemesh-plugin/apidocs</outputDirectory>
        </fileSet>
        <fileSet>
            <directory>../plugins/spring/target/apidocs</directory>
            <outputDirectory>docs/struts2-plugins/struts2-spring-plugin/apidocs</outputDirectory>
        </fileSet>
        <fileSet>
            <directory>../plugins/struts1/target/apidocs</directory>
            <outputDirectory>docs/struts2-plugins/struts2-struts1-plugin/apidocs</outputDirectory>
        </fileSet>
        <fileSet>
            <directory>../plugins/testng/target/apidocs</directory>
            <outputDirectory>docs/struts2-plugins/struts2-testng-plugin/apidocs</outputDirectory>
        </fileSet>
        <fileSet>
            <directory>../plugins/tiles/target/apidocs</directory>
            <outputDirectory>docs/struts2-plugins/struts2-tiles-plugin/apidocs</outputDirectory>
        </fileSet>

    </fileSets>
</assembly>
